DATE,SERIES,OPEN,HIGH,LOW,PREV. CLOSE,LTP,CLOSE,VWAP,52W H,52W L,VOLUME,VALUE,NO. OF  TRADES
04-Feb-2026,EQ,"265.00","269.90","263.95","263.90","267.85","268.00","267.63","338.60","198.65",14556924,"3,89,58,25,841.30",112454
03-Feb-2026,EQ,"260.05","267.00","256.95","244.10","264.00","263.90","262.67","338.60","198.65",40223294,"10,56,53,26,503.90",267213
02-Feb-2026,EQ,"242.40","245.30","237.00","242.30","245.15","244.10","241.15","338.60","198.65",17248818,"4,15,96,35,315.70",145257
01-Feb-2026,EQ,"253.60","255.25","238.40","254.50","242.40","242.30","247.41","338.60","198.65",13896954,"3,43,81,82,828.20",138189
30-Jan-2026,EQ,"253.00","257.60","249.55","254.50","254.00","254.50","254.12","338.60","198.65",13448707,"3,41,76,46,480.00",99666
29-Jan-2026,EQ,"255.80","256.85","252.45","255.20","254.50","254.50","254.44","338.60","198.65",12165356,"3,09,54,02,626.15",77333
28-Jan-2026,EQ,"257.85","258.40","253.00","256.05","256.05","255.20","255.25","338.60","198.65",19034680,"4,85,85,35,550.70",143920
27-Jan-2026,EQ,"253.80","257.50","250.20","252.90","257.15","256.05","253.49","338.60","198.65",14773866,"3,74,49,77,782.35",128221
23-Jan-2026,EQ,"264.00","266.25","252.25","262.60","253.20","252.90","257.14","338.60","198.65",14857605,"3,82,05,36,420.75",129766
22-Jan-2026,EQ,"267.00","268.15","259.75","263.25","263.60","262.60","263.81","338.60","198.65",12282969,"3,24,03,97,589.40",106281
21-Jan-2026,EQ,"265.30","269.20","262.50","265.50","263.50","263.25","265.04","338.60","198.65",19266179,"5,10,63,16,451.90",140840
20-Jan-2026,EQ,"275.10","276.45","263.20","275.65","265.40","265.50","269.72","338.60","198.65",18750739,"5,05,75,25,773.45",165457
19-Jan-2026,EQ,"279.40","281.65","274.10","278.80","274.90","275.65","277.43","338.60","198.65",13006403,"3,60,83,70,267.25",114924
16-Jan-2026,EQ,"287.00","291.00","277.15","287.00","277.95","278.80","283.32","338.60","198.65",18934861,"5,36,46,88,182.05",158044
14-Jan-2026,EQ,"281.95","287.85","281.85","284.60","287.30","287.00","286.23","338.60","198.65",6701056,"1,91,80,50,382.70",60453
13-Jan-2026,EQ,"289.10","290.20","281.90","288.25","284.15","284.60","284.72","338.60","198.65",12956779,"3,68,91,05,023.50",86292
12-Jan-2026,EQ,"287.25","289.00","280.75","287.25","288.45","288.25","285.00","338.60","198.65",12216471,"3,48,17,14,077.15",141787
09-Jan-2026,EQ,"292.00","294.60","286.15","293.55","287.55","287.25","290.17","338.60","198.65",11375541,"3,30,08,04,923.35",115936
08-Jan-2026,EQ,"303.30","304.30","292.15","303.50","292.65","293.55","296.41","338.60","198.65",12255998,"3,63,28,37,848.80",95213
07-Jan-2026,EQ,"298.00","306.00","296.65","298.55","303.70","303.50","303.33","338.60","198.65",20416851,"6,19,29,96,946.75",132871
06-Jan-2026,EQ,"300.10","302.30","293.50","300.40","298.55","298.55","297.67","338.60","198.65",10930694,"3,25,37,85,372.20",86870
05-Jan-2026,EQ,"301.80","302.45","298.85","301.70","300.05","300.40","300.41","338.60","198.65",6971528,"2,09,43,27,319.20",65647
02-Jan-2026,EQ,"295.60","303.00","295.50","295.70","301.85","301.70","300.89","338.60","198.65",10604978,"3,19,09,51,745.95",75384
01-Jan-2026,EQ,"295.40","296.75","294.15","294.95","295.60","295.70","295.60","338.60","198.65",3697802,"1,09,30,62,792.15",36567
31-Dec-2025,EQ,"292.60","296.90","292.60","292.50","295.00","294.95","295.07","338.60","198.65",6540400,"1,92,98,76,008.45",44672
30-Dec-2025,EQ,"293.00","293.85","291.40","293.95","293.20","292.50","292.48","338.60","198.65",6850674,"2,00,36,95,857.10",81969
29-Dec-2025,EQ,"297.00","297.55","293.35","296.95","293.80","293.95","294.76","338.60","198.65",4713140,"1,38,92,51,662.35",59254
26-Dec-2025,EQ,"298.00","299.80","296.15","298.90","297.20","296.95","298.18","338.60","198.65",3945249,"1,17,63,91,858.85",46258
24-Dec-2025,EQ,"298.70","302.60","298.05","298.70","298.70","298.90","300.38","338.60","198.65",6548391,"1,96,70,12,160.65",54924
23-Dec-2025,EQ,"299.55","299.75","297.70","298.75","298.50","298.70","298.97","338.60","198.65",5346120,"1,59,83,09,768.00",57285
22-Dec-2025,EQ,"298.00","299.95","297.90","296.95","299.20","298.75","299.14","338.60","198.65",5136735,"1,53,65,98,738.75",55939
19-Dec-2025,EQ,"294.10","297.80","293.35","292.30","297.15","296.95","296.32","342.45","198.65",8767177,"2,59,79,31,707.40",60719
18-Dec-2025,EQ,"292.70","293.55","289.75","293.15","292.35","292.30","292.04","342.45","198.65",6478984,"1,89,21,23,269.60",62610
17-Dec-2025,EQ,"295.00","296.00","291.70","295.25","293.00","293.15","293.46","342.45","198.65",5906902,"1,73,34,38,737.30",68598
16-Dec-2025,EQ,"298.05","298.75","294.50","299.60","294.70","295.25","295.69","342.45","198.65",7141463,"2,11,16,41,572.25",86391
15-Dec-2025,EQ,"299.00","300.40","297.55","300.75","299.65","299.60","299.11","342.45","198.65",4850351,"1,45,07,68,930.45",64867
12-Dec-2025,EQ,"300.00","302.40","298.75","298.45","300.70","300.75","300.66","346.30","198.65",7955711,"2,39,19,77,178.05",54776
11-Dec-2025,EQ,"291.00","299.00","290.00","290.85","298.50","298.45","295.61","346.30","198.65",9589482,"2,83,47,21,763.65",64711
10-Dec-2025,EQ,"294.00","295.40","289.25","293.20","290.70","290.85","292.15","346.30","198.65",8655536,"2,52,86,80,534.85",96686
09-Dec-2025,EQ,"296.15","296.80","288.75","297.20","293.55","293.20","293.37","346.30","198.65",13376328,"3,92,41,59,511.85",116057
08-Dec-2025,EQ,"303.00","304.25","295.25","303.75","296.15","297.20","298.13","346.30","198.65",12432114,"3,70,64,04,531.60",96169
05-Dec-2025,EQ,"302.00","304.45","300.25","302.25","303.85","303.75","302.70","347.35","198.65",6506083,"1,96,93,91,878.40",53738
04-Dec-2025,EQ,"301.00","303.45","300.00","301.00","301.60","302.25","301.90","347.35","198.65",5601692,"1,69,11,58,336.55",49492
03-Dec-2025,EQ,"305.00","305.70","298.45","304.85","301.65","301.00","300.91","347.35","198.65",8408528,"2,53,01,69,097.95",74438
02-Dec-2025,EQ,"303.00","307.00","303.00","304.75","305.25","304.85","305.53","347.35","198.65",8589532,"2,62,43,73,741.75",63544
01-Dec-2025,EQ,"307.10","308.15","303.55","306.20","305.05","304.75","305.62","347.35","198.65",6225454,"1,90,26,24,538.40",70378
28-Nov-2025,EQ,"306.15","308.00","305.50","306.45","306.35","306.20","306.53","347.35","198.65",5488672,"1,68,24,21,832.65",55075
27-Nov-2025,EQ,"309.00","309.80","305.00","308.00","306.45","306.45","307.25","347.35","198.65",5565162,"1,70,98,75,075.20",59698
26-Nov-2025,EQ,"301.50","308.65","301.50","300.80","308.00","308.00","306.31","347.35","198.65",8885249,"2,72,16,60,925.75",72445
25-Nov-2025,EQ,"299.75","303.40","299.60","299.85","301.10","300.80","301.60","347.35","198.65",7131282,"2,15,07,79,167.25",67947
24-Nov-2025,EQ,"303.30","304.35","299.10","303.55","300.20","299.85","300.96","347.35","198.65",12349069,"3,71,65,22,459.75",80969
21-Nov-2025,EQ,"307.00","308.35","303.00","308.35","303.90","303.55","305.30","347.35","198.65",5973657,"1,82,37,59,550.75",63229
20-Nov-2025,EQ,"305.60","309.60","305.20","304.45","308.80","308.35","307.90","347.35","198.65",7784069,"2,39,67,20,550.25",69246
19-Nov-2025,EQ,"305.85","306.40","303.60","305.95","304.65","304.45","304.72","347.35","198.65",5882303,"1,79,24,43,197.30",63649
18-Nov-2025,EQ,"311.15","311.85","305.45","312.00","305.80","305.95","307.86","347.35","198.65",8869128,"2,73,04,06,157.30",76706
17-Nov-2025,EQ,"316.00","316.85","311.15","314.90","312.45","312.00","313.39","347.35","198.65",8876003,"2,78,16,47,342.05",77680
14-Nov-2025,EQ,"311.00","315.70","309.30","310.70","315.00","314.90","314.06","347.35","198.65",13675544,"4,29,48,88,975.30",93427
13-Nov-2025,EQ,"310.00","316.60","309.70","309.50","311.00","310.70","313.29","347.35","198.65",15761851,"4,93,79,71,227.95",100474
12-Nov-2025,EQ,"305.30","310.30","305.25","304.90","309.90","309.50","308.66","347.35","198.65",12029642,"3,71,30,80,678.25",82836
11-Nov-2025,EQ,"302.00","305.65","297.65","301.95","305.45","304.90","302.63","347.35","198.65",10752137,"3,25,39,13,622.85",103794
10-Nov-2025,EQ,"299.65","303.40","299.65","299.30","301.60","301.95","301.63","347.35","198.65",8870055,"2,67,55,01,107.55",86735
07-Nov-2025,EQ,"297.00","300.15","293.50","298.10","299.65","299.30","297.44","347.35","198.65",9364502,"2,78,53,38,992.45",117050
06-Nov-2025,EQ,"301.90","303.20","297.50","301.90","297.95","298.10","299.74","347.35","198.65",8339076,"2,49,95,90,421.70",99206
04-Nov-2025,EQ,"306.00","306.95","301.35","306.80","302.10","301.90","303.54","347.35","198.65",8396727,"2,54,87,53,966.65",89004
03-Nov-2025,EQ,"306.20","308.40","303.50","306.80","306.90","306.80","306.64","347.35","198.65",8075806,"2,47,63,27,486.20",64317
31-Oct-2025,EQ,"309.00","310.95","306.25","309.80","307.10","306.80","308.60","347.35","198.65",6533999,"2,01,63,73,737.20",59254
30-Oct-2025,EQ,"310.10","312.80","309.15","309.75","309.70","309.80","310.68","347.35","198.65",8517048,"2,64,60,64,648.85",66939
29-Oct-2025,EQ,"307.80","310.75","307.60","307.95","310.25","309.75","309.50","347.35","198.65",8605721,"2,66,34,51,607.95",69986
28-Oct-2025,EQ,"306.10","308.75","305.05","305.55","308.40","307.95","306.85","347.35","198.65",11236088,"3,44,77,78,910.55",132254
27-Oct-2025,EQ,"306.85","307.90","305.15","305.95","305.95","305.55","306.17","347.35","198.65",8333968,"2,55,16,45,216.95",86427
24-Oct-2025,EQ,"310.00","311.15","305.50","309.05","306.10","305.95","307.62","347.35","198.65",8292307,"2,55,08,52,448.65",76876
23-Oct-2025,EQ,"312.00","313.85","308.40","311.80","308.90","309.05","311.33","347.35","198.65",11107313,"3,45,80,43,099.25",74132
21-Oct-2025,EQ,"311.45","313.30","311.05","310.70","311.20","311.80","312.16","347.35","198.65",3190393,"99,59,20,355.30",45357
20-Oct-2025,EQ,"309.20","315.80","309.10","309.30","311.00","310.70","312.88","347.35","198.65",14883909,"4,65,68,53,307.25",114813
17-Oct-2025,EQ,"313.55","314.75","307.05","312.10","309.30","309.30","309.79","347.35","198.65",13963053,"4,32,56,61,961.25",109793
16-Oct-2025,EQ,"314.05","314.30","310.60","312.65","312.10","312.10","312.28","347.35","198.65",10445546,"3,26,18,96,441.05",70928
15-Oct-2025,EQ,"305.60","312.95","305.60","305.60","312.80","312.65","311.66","347.35","198.65",14796118,"4,61,13,10,298.50",105204
14-Oct-2025,EQ,"309.65","310.80","305.10","308.45","305.50","305.60","307.08","347.35","198.65",7420573,"2,27,87,39,953.40",66371
13-Oct-2025,EQ,"306.00","308.80","304.70","308.15","308.65","308.45","306.76","347.35","198.65",6533659,"2,00,42,92,818.05",57691
10-Oct-2025,EQ,"307.00","310.40","306.65","307.35","308.20","308.15","309.07","349.70","198.65",7654597,"2,36,58,03,892.00",61358
09-Oct-2025,EQ,"305.30","308.15","305.30","304.65","307.15","307.35","306.83","349.70","198.65",6279739,"1,92,67,92,898.75",60628
08-Oct-2025,EQ,"309.90","310.95","304.20","309.90","304.70","304.65","306.79","349.70","198.65",7853613,"2,40,93,84,695.20",66104
07-Oct-2025,EQ,"306.35","315.00","306.30","306.25","310.60","309.90","311.47","349.70","198.65",18717966,"5,82,99,97,447.40",115019
06-Oct-2025,EQ,"302.00","306.65","301.50","301.70","306.10","306.25","304.52","349.70","198.65",8816471,"2,68,47,82,105.00",71966
03-Oct-2025,EQ,"300.05","302.95","298.80","300.05","302.60","301.70","300.65","358.15","198.65",8773415,"2,63,77,50,402.40",81633
01-Oct-2025,EQ,"294.00","300.85","293.05","293.20","300.80","300.05","297.12","358.15","198.65",8551743,"2,54,08,51,706.05",80765
30-Sep-2025,EQ,"295.00","296.80","292.20","294.20","294.00","293.20","294.37","358.15","198.65",10119815,"2,97,89,84,307.90",95768
29-Sep-2025,EQ,"296.00","299.90","293.40","295.85","295.20","294.20","296.53","358.15","198.65",9607887,"2,84,89,92,438.60",108953
26-Sep-2025,EQ,"300.90","301.60","294.35","301.60","296.35","295.85","297.39","363.00","198.65",11503280,"3,42,09,15,971.90",133861
25-Sep-2025,EQ,"306.75","308.30","301.00","306.75","301.60","301.60","304.79","363.00","198.65",12147554,"3,70,25,11,846.60",115556
24-Sep-2025,EQ,"314.00","314.10","306.00","312.55","306.25","306.75","309.44","363.00","198.65",11253782,"3,48,23,37,596.80",94941
23-Sep-2025,EQ,"313.85","315.00","310.75","313.85","313.05","312.55","312.28","363.00","198.65",11896537,"3,71,50,89,798.65",76354
22-Sep-2025,EQ,"317.00","319.00","312.80","317.00","313.70","313.85","316.18","363.00","198.65",7711667,"2,43,82,96,136.00",68412
19-Sep-2025,EQ,"317.60","321.60","315.80","317.35","317.60","317.00","317.97","363.00","198.65",17671561,"5,61,90,88,675.85",95070
18-Sep-2025,EQ,"316.30","317.95","315.90","315.85","317.30","317.35","316.89","363.00","198.65",9396848,"2,97,77,75,897.40",63756
17-Sep-2025,EQ,"315.90","318.70","315.00","315.45","315.85","315.85","316.86","363.00","198.65",8836571,"2,79,99,94,371.10",75533
16-Sep-2025,EQ,"315.80","317.80","314.30","315.35","315.80","315.45","316.05","363.00","198.65",10963429,"3,46,49,49,169.00",75957
15-Sep-2025,EQ,"311.05","316.65","310.00","311.20","315.50","315.35","313.65","363.00","198.65",14414947,"4,52,12,90,931.20",93066
12-Sep-2025,EQ,"311.05","312.20","310.00","310.70","311.20","311.20","310.91","363.00","198.65",6049420,"1,88,08,33,205.15",47781
11-Sep-2025,EQ,"310.05","312.50","309.95","310.05","310.90","310.70","311.12","363.00","198.65",6146666,"1,91,23,33,942.20",61022
10-Sep-2025,EQ,"310.00","313.40","309.25","307.95","310.35","310.05","311.33","363.00","198.65",10838910,"3,37,45,02,257.15",70332
09-Sep-2025,EQ,"311.10","312.35","307.25","311.10","308.60","307.95","309.05","363.00","198.65",10103729,"3,12,26,07,569.10",88152
08-Sep-2025,EQ,"310.75","313.35","309.60","309.40","310.85","311.10","311.74","363.00","198.65",6198613,"1,93,23,69,542.65",63075
05-Sep-2025,EQ,"310.00","313.90","308.90","309.45","310.00","309.40","310.57","363.00","198.65",8618197,"2,67,65,62,271.60",69750
04-Sep-2025,EQ,"315.25","316.00","309.00","313.70","309.80","309.45","311.45","363.00","198.65",10392904,"3,23,68,68,253.70",88658
03-Sep-2025,EQ,"311.00","314.70","309.80","311.75","313.90","313.70","311.98","363.00","198.65",11360605,"3,54,42,37,814.60",82223
02-Sep-2025,EQ,"314.20","316.25","311.00","314.05","311.70","311.75","313.40","363.00","198.65",13220799,"4,14,34,00,015.05",99793
01-Sep-2025,EQ,"311.70","314.50","307.20","311.70","314.40","314.05","311.63","363.00","198.65",11486206,"3,57,94,52,257.15",113295
29-Aug-2025,EQ,"311.00","316.65","309.35","310.10","311.30","311.70","312.61","363.00","198.65",17274984,"5,40,03,75,733.40",130570
28-Aug-2025,EQ,"315.75","316.90","309.50","315.75","311.25","310.10","312.34","363.00","198.65",15243091,"4,76,10,01,023.90",121281
26-Aug-2025,EQ,"319.50","320.15","314.20","319.70","315.75","315.75","316.22","363.00","198.65",10076775,"3,18,65,15,797.65",95123
25-Aug-2025,EQ,"322.00","322.35","318.35","320.60","319.55","319.70","319.94","363.00","198.65",11445521,"3,66,18,88,018.80",74023
22-Aug-2025,EQ,"324.80","326.30","320.10","323.85","320.50","320.60","323.06","363.00","198.65",8800338,"2,84,30,35,551.75",78307
21-Aug-2025,EQ,"329.00","329.40","322.60","328.45","324.05","323.85","325.06","363.00","198.65",10947441,"3,55,86,12,828.25",109847
20-Aug-2025,EQ,"330.85","331.00","327.05","331.30","328.50","328.45","328.89","363.00","198.65",8822662,"2,90,17,05,732.15",69363
19-Aug-2025,EQ,"330.00","333.20","328.45","329.35","331.40","331.30","330.69","363.00","198.65",8842923,"2,92,42,33,851.70",68689
18-Aug-2025,EQ,"331.25","333.70","327.60","327.40","329.70","329.35","330.20","363.00","198.65",9341169,"3,08,44,95,567.25",81414
14-Aug-2025,EQ,"330.60","331.95","325.85","330.60","327.35","327.40","327.92","363.00","198.65",8079069,"2,64,93,16,479.90",67915
13-Aug-2025,EQ,"328.60","332.60","328.60","327.00","330.80","330.60","330.65","363.00","198.65",11363627,"3,75,74,14,931.30",96444
12-Aug-2025,EQ,"327.95","331.70","326.55","327.75","326.90","327.00","328.84","363.00","198.65",10094423,"3,31,94,61,996.95",95723
11-Aug-2025,EQ,"321.00","328.60","320.80","321.15","327.90","327.75","324.86","363.00","198.65",11342718,"3,68,47,98,446.90",106577
08-Aug-2025,EQ,"325.10","326.00","320.10","325.50","321.00","321.15","322.31","363.00","198.65",10312947,"3,32,39,94,771.95",95301
07-Aug-2025,EQ,"323.00","328.00","316.80","326.55","327.40","325.50","322.19","363.00","198.65",16461908,"5,30,38,68,526.95",139369
06-Aug-2025,EQ,"333.20","333.60","325.60","332.85","326.00","326.55","328.63","363.00","198.65",11615135,"3,81,71,34,592.10",96483
05-Aug-2025,EQ,"334.45","338.60","331.50","333.90","332.60","332.85","334.78","363.00","198.65",16052991,"5,37,41,81,029.60",125759
04-Aug-2025,EQ,"329.85","335.50","328.60","329.50","334.85","333.90","332.99","363.00","198.65",19850637,"6,61,00,75,574.95",143207
01-Aug-2025,EQ,"329.95","332.70","326.00","329.25","329.85","329.50","330.03","363.00","198.65",19635750,"6,48,03,33,144.50",144249
31-Jul-2025,EQ,"317.00","332.65","316.45","320.30","329.00","329.25","328.81","363.00","198.65",49292436,"16,20,78,03,334.30",299422
30-Jul-2025,EQ,"323.00","324.00","319.70","321.10","320.00","320.30","321.88","363.00","198.65",15393963,"4,95,49,66,039.50",114994
29-Jul-2025,EQ,"306.30","322.50","306.30","307.35","322.00","321.10","316.96","363.00","198.65",27086587,"8,58,54,45,495.65",166860
28-Jul-2025,EQ,"311.25","315.85","306.50","311.25","307.50","307.35","310.63","363.00","198.65",15732708,"4,88,69,90,235.10",119614
25-Jul-2025,EQ,"315.55","315.55","310.20","316.45","311.10","311.25","311.91","363.00","198.65",10957081,"3,41,76,03,305.45",99295
24-Jul-2025,EQ,"315.00","319.40","313.45","314.45","316.50","316.45","317.23","363.00","198.65",11348072,"3,59,99,44,860.15",85158
23-Jul-2025,EQ,"311.60","315.20","311.60","310.80","315.00","314.45","313.69","363.00","198.65",9726960,"3,05,12,80,178.20",84024
22-Jul-2025,EQ,"318.00","318.45","309.85","317.25","311.00","310.80","312.85","363.00","198.65",15797945,"4,94,24,30,954.75",117080
21-Jul-2025,EQ,"318.20","320.80","314.10","316.85","317.90","317.25","317.28","363.00","198.65",16996843,"5,39,27,24,724.75",121485
18-Jul-2025,EQ,"320.50","323.95","313.75","318.15","316.40","316.85","317.91","363.00","198.65",29776471,"9,46,61,09,464.40",211618
17-Jul-2025,EQ,"320.10","320.95","317.35","319.55","319.00","318.15","319.18","363.00","198.65",12037735,"3,84,22,02,600.55",87593
16-Jul-2025,EQ,"321.00","322.70","318.65","321.20","319.20","319.55","320.03","363.00","198.65",14151922,"4,52,90,98,121.35",87036
15-Jul-2025,EQ,"321.10","322.55","318.30","319.10","321.20","321.20","320.69","363.00","198.65",12753151,"4,08,98,68,150.05",93352
14-Jul-2025,EQ,"325.00","327.70","317.65","325.80","319.30","319.10","321.47","363.00","198.65",17980889,"5,78,03,00,800.25",120613
11-Jul-2025,EQ,"331.00","331.00","325.00","331.65","325.40","325.80","327.24","363.00","198.65",14554942,"4,76,28,88,765.55",114401
10-Jul-2025,EQ,"330.50","333.40","329.00","329.85","331.85","331.65","331.88","363.00","198.65",13973005,"4,63,73,00,595.30",106040
09-Jul-2025,EQ,"329.00","335.30","328.75","328.85","329.80","329.85","332.10","363.00","198.65",24522736,"8,14,38,88,753.30",168724
08-Jul-2025,EQ,"329.00","330.70","324.75","328.05","328.80","328.85","327.56","363.00","198.65",13953335,"4,57,06,21,837.15",99047
07-Jul-2025,EQ,"324.95","329.70","323.05","324.95","328.30","328.05","327.71","363.00","198.65",13172854,"4,31,69,34,974.95",134228
04-Jul-2025,EQ,"326.00","327.60","323.35","325.05","325.00","324.95","325.10","363.00","198.65",9623498,"3,12,85,73,670.15",79780
03-Jul-2025,EQ,"327.55","328.75","324.55","326.70","324.90","325.05","325.88","363.00","198.65",11497044,"3,74,67,14,002.55",88984
02-Jul-2025,EQ,"330.20","330.95","325.05","329.60","326.55","326.70","327.00","363.00","198.65",13385187,"4,37,69,53,681.55",109247
01-Jul-2025,EQ,"328.20","331.90","327.10","326.75","330.20","329.60","329.62","363.00","198.65",20683383,"6,81,77,40,212.15",153207
30-Jun-2025,EQ,"326.90","331.90","325.20","323.45","327.40","326.75","327.72","363.00","198.65",36746297,"12,04,24,19,918.25",281155
27-Jun-2025,EQ,"314.10","329.30","312.85","312.50","324.60","323.45","323.09","363.00","198.65",60666211,"19,60,07,48,845.05",348240
26-Jun-2025,EQ,"304.80","312.90","304.10","303.30","312.55","312.50","310.51","363.00","198.65",37158992,"11,53,84,23,207.65",245293
25-Jun-2025,EQ,"303.70","304.95","302.00","300.80","303.50","303.30","303.44","363.00","198.65",11854474,"3,59,71,56,267.25",92137
24-Jun-2025,EQ,"298.00","304.40","297.10","293.15","301.50","300.80","301.62","363.00","198.65",24073049,"7,26,10,24,948.45",155288
23-Jun-2025,EQ,"288.55","295.90","287.45","294.25","293.20","293.15","292.59","363.00","198.65",13408538,"3,92,32,10,235.65",96058
20-Jun-2025,EQ,"283.20","295.00","283.00","284.10","293.50","294.25","291.64","368.30","198.65",21062467,"6,14,27,62,444.10",118038
19-Jun-2025,EQ,"289.50","290.60","282.70","288.15","283.00","284.10","285.79","368.30","198.65",13910925,"3,97,55,97,925.20",117427
18-Jun-2025,EQ,"289.00","292.65","287.35","289.80","287.75","288.15","289.52","368.30","198.65",8400088,"2,43,20,16,250.45",71695
17-Jun-2025,EQ,"295.00","295.50","289.40","294.15","289.80","289.80","291.75","368.30","198.65",8857573,"2,58,41,56,542.90",69960
16-Jun-2025,EQ,"293.50","294.95","287.50","294.05","294.00","294.15","292.53","368.30","198.65",16256316,"4,75,54,25,020.90",111850
13-Jun-2025,EQ,"288.00","295.30","287.80","296.00","295.10","294.05","292.69","368.30","198.65",16908691,"4,94,90,00,983.30",133817
12-Jun-2025,EQ,"303.85","303.85","295.00","302.65","296.15","296.00","298.91","368.30","198.65",16175003,"4,83,48,07,776.25",118743
11-Jun-2025,EQ,"303.50","306.80","299.70","302.80","302.60","302.65","302.58","368.30","198.65",17551031,"5,31,06,31,485.35",130511
10-Jun-2025,EQ,"305.80","306.85","302.10","304.25","302.40","302.80","304.29","368.30","198.65",15246190,"4,63,93,35,742.10",100739
09-Jun-2025,EQ,"296.00","305.50","295.65","294.00","305.45","304.25","301.74","368.30","198.65",26608267,"8,02,87,05,937.35",167628
06-Jun-2025,EQ,"292.00","296.90","290.50","291.50","294.10","294.00","294.56","368.30","198.65",15858719,"4,67,13,75,654.30",101810
05-Jun-2025,EQ,"292.00","293.00","289.55","290.35","291.10","291.50","291.41","368.30","198.65",11867068,"3,45,82,06,321.00",119419
04-Jun-2025,EQ,"283.90","291.70","282.50","283.90","290.60","290.35","287.75","368.30","198.65",13640678,"3,92,51,45,940.40",105545
03-Jun-2025,EQ,"287.75","290.80","283.10","286.45","283.80","283.90","285.13","368.30","198.65",9276084,"2,64,49,05,412.85",72119
02-Jun-2025,EQ,"286.95","289.20","283.40","286.65","286.70","286.45","286.56","368.30","198.65",12638716,"3,62,16,90,046.35",86336
30-May-2025,EQ,"288.00","291.00","285.60","287.85","286.20","286.65","287.39","368.60","198.65",17881681,"5,13,90,80,642.55",82432
29-May-2025,EQ,"291.75","292.05","285.50","290.35","288.40","287.85","288.29","368.60","198.65",15854792,"4,57,07,67,572.30",116695
28-May-2025,EQ,"296.05","299.25","288.80","291.40","289.50","290.35","293.69","368.60","198.65",37169009,"10,91,60,48,099.60",198439
27-May-2025,EQ,"280.00","292.90","279.10","281.75","292.65","291.40","287.45","368.60","198.65",24400393,"7,01,38,73,257.40",148597
26-May-2025,EQ,"282.75","284.70","281.35","281.75","281.50","281.75","282.70","368.60","198.65",8653797,"2,44,64,10,444.45",62491
23-May-2025,EQ,"274.95","283.65","274.55","274.55","281.40","281.75","280.21","376.00","198.65",13548313,"3,79,63,59,737.20",85665
22-May-2025,EQ,"274.45","277.35","271.40","274.35","274.80","274.55","274.94","376.00","198.65",13207455,"3,63,12,87,427.95",99053
21-May-2025,EQ,"271.50","275.50","270.35","271.45","274.55","274.35","273.32","376.00","198.65",10476515,"2,86,34,19,583.80",73080
20-May-2025,EQ,"277.10","278.00","270.85","277.05","271.70","271.45","273.92","376.00","198.65",12885413,"3,52,95,68,980.55",81117
19-May-2025,EQ,"277.00","279.35","275.75","277.00","276.85","277.05","277.69","376.00","198.65",10202024,"2,83,30,48,933.90",79770
16-May-2025,EQ,"274.10","277.95","273.05","273.70","276.30","277.00","275.20","376.00","198.65",13449060,"3,70,11,87,921.40",83839
15-May-2025,EQ,"268.00","274.60","265.50","267.50","274.05","273.70","270.51","376.00","198.65",16201350,"4,38,26,55,795.15",128902
14-May-2025,EQ,"268.80","269.95","265.20","267.40","267.80","267.50","267.55","376.00","198.65",13255755,"3,54,65,22,593.35",100971
13-May-2025,EQ,"263.20","268.95","261.50","262.90","267.70","267.40","266.47","376.00","198.65",19305043,"5,14,43,07,935.35",132015
12-May-2025,EQ,"258.95","263.50","257.00","248.35","263.00","262.90","261.30","376.00","198.65",19437052,"5,07,88,91,515.85",117986
09-May-2025,EQ,"244.10","250.00","242.00","251.45","249.20","248.35","246.00","378.90","198.65",25011071,"6,15,27,27,119.50",146842
08-May-2025,EQ,"256.10","258.30","249.40","256.10","250.05","251.45","254.24","378.90","198.65",14849940,"3,77,54,02,948.15",99409
07-May-2025,EQ,"245.05","256.70","245.05","251.20","256.50","256.10","253.43","378.90","198.65",19393399,"4,91,49,13,593.60",110105
06-May-2025,EQ,"259.25","260.75","250.40","260.60","251.00","251.20","254.53","378.90","198.65",18568703,"4,72,63,15,281.90",120140
05-May-2025,EQ,"259.60","262.40","259.30","258.80","260.45","260.60","260.58","378.90","198.65",10986246,"2,86,27,67,920.85",77956
02-May-2025,EQ,"262.90","265.20","257.75","260.42","258.30","258.80","261.48","385.85","198.65",20015942,"5,23,37,83,256.55",125758
30-Apr-2025,EQ,"256.00","263.30","255.20","257.63","259.08","260.42","260.13","385.85","198.65",32058337,"8,33,94,51,309.11",162742
29-Apr-2025,EQ,"258.10","259.75","255.60","257.90","257.50","257.63","257.64","385.85","198.65",12494831,"3,21,91,49,375.04",91018
28-Apr-2025,EQ,"252.39","259.70","252.30","253.05","258.00","257.90","256.95","385.85","198.65",19380922,"4,97,98,77,691.79",115267
25-Apr-2025,EQ,"258.78","261.62","249.10","258.78","252.39","253.05","254.06","394.70","198.65",33348716,"8,47,24,52,549.09",227469
24-Apr-2025,EQ,"258.00","259.80","256.50","258.14","258.94","258.78","258.43","394.70","198.65",17152009,"4,43,25,78,572.62",118106
23-Apr-2025,EQ,"252.00","258.55","251.39","250.56","258.02","258.14","255.78","394.70","198.65",37568336,"9,60,91,76,120.16",187743
22-Apr-2025,EQ,"245.50","251.34","243.70","246.38","250.60","250.56","248.08","394.70","198.65",30235264,"7,50,07,74,422.19",143908
21-Apr-2025,EQ,"250.00","250.00","244.50","246.47","245.96","246.38","247.01","394.70","198.65",31786610,"7,85,16,77,525.15",228473
17-Apr-2025,EQ,"242.94","248.00","238.30","242.28","246.20","246.47","243.57","394.70","198.65",30422206,"7,41,00,87,110.43",189979
16-Apr-2025,EQ,"239.05","242.75","237.26","238.57","242.30","242.28","241.23","394.70","198.65",27720767,"6,68,71,11,659.52",169243
15-Apr-2025,EQ,"235.90","239.49","232.60","230.02","239.05","238.57","236.01","394.70","198.65",27663804,"6,52,90,29,769.09",151900
11-Apr-2025,EQ,"225.78","230.98","223.72","220.92","230.40","230.02","228.08","394.70","198.65",24630876,"5,61,78,89,915.48",143791
09-Apr-2025,EQ,"224.00","224.00","218.25","224.81","221.10","220.92","220.49","394.70","198.65",19372735,"4,27,15,39,026.22",135433
08-Apr-2025,EQ,"217.00","225.50","216.62","213.52","225.49","224.81","221.41","394.70","198.65",25131280,"5,56,43,49,832.76",150831
07-Apr-2025,EQ,"203.10","215.00","203.10","222.32","214.85","213.52","210.67","394.70","198.65",25772065,"5,42,94,15,661.18",274102
04-Apr-2025,EQ,"230.05","230.35","220.80","230.41","222.55","222.32","223.93","394.70","198.65",20832533,"4,66,49,61,093.13",146438
03-Apr-2025,EQ,"227.00","231.79","226.50","229.78","230.64","230.41","229.87","394.70","198.65",11752612,"2,70,15,86,820.85",83669
02-Apr-2025,EQ,"230.99","230.99","225.30","230.42","229.91","229.78","228.22","394.70","198.65",16203186,"3,69,78,43,657.51",99095
01-Apr-2025,EQ,"227.00","231.29","225.21","227.51","230.94","230.42","228.99","394.70","198.65",18781790,"4,30,08,30,260.19",110587
28-Mar-2025,EQ,"227.18","232.30","226.11","225.78","227.03","227.51","229.12","394.70","198.65",30356334,"6,95,50,94,152.08",187935
27-Mar-2025,EQ,"222.17","228.00","221.33","222.67","225.20","225.78","225.44","394.70","198.65",188868886,"42,57,94,30,331.42",259264
26-Mar-2025,EQ,"228.00","228.90","222.01","227.53","222.17","222.67","225.21","394.70","198.65",19372538,"4,36,28,70,615.58",130710
25-Mar-2025,EQ,"234.10","234.20","226.31","232.68","226.90","227.53","229.39","394.70","198.65",22492788,"5,15,95,73,953.92",155616
24-Mar-2025,EQ,"231.90","234.46","230.70","229.12","232.90","232.68","232.77","394.70","198.65",26607361,"6,19,32,93,660.02",144442
21-Mar-2025,EQ,"232.00","235.94","228.05","231.69","229.58","229.12","230.95","394.70","198.65",46879564,"10,82,70,06,420.15",180702
20-Mar-2025,EQ,"231.00","234.25","228.95","228.84","232.00","231.69","231.93","394.70","198.65",24426400,"5,66,53,16,729.82",134331
19-Mar-2025,EQ,"227.27","231.25","225.64","225.18","228.10","228.84","229.21","394.70","198.65",21456932,"4,91,81,36,386.57",124749
18-Mar-2025,EQ,"221.10","225.50","220.71","219.52","225.21","225.18","222.64","394.70","198.65",28081319,"6,25,21,10,202.77",117438
17-Mar-2025,EQ,"223.12","223.85","218.54","222.60","219.58","219.52","220.92","394.70","198.65",22290925,"4,92,44,19,476.53",117597
13-Mar-2025,EQ,"227.88","228.94","221.32","225.53","223.10","222.60","224.72","394.70","198.65",25219084,"5,66,71,71,866.25",153269
12-Mar-2025,EQ,"220.00","226.50","216.72","217.56","225.91","225.53","221.75","394.70","198.65",28455086,"6,30,98,52,800.75",143562
11-Mar-2025,EQ,"214.70","218.99","213.01","216.50","218.75","217.56","216.27","394.70","198.65",20118890,"4,35,11,48,839.16",126568
10-Mar-2025,EQ,"222.60","224.90","215.50","221.81","215.85","216.50","220.04","394.70","198.65",19521402,"4,29,55,72,541.34",126842
07-Mar-2025,EQ,"220.00","224.50","218.79","219.94","221.90","221.81","222.43","394.70","198.65",27997558,"6,22,76,25,802.65",165176
06-Mar-2025,EQ,"222.00","222.39","218.06","217.10","219.39","219.94","220.47","394.70","198.65",24296337,"5,35,66,58,523.70",145361
05-Mar-2025,EQ,"207.00","217.66","207.00","206.38","217.60","217.10","215.19","394.70","198.65",36954756,"7,95,23,99,358.37",254653
04-Mar-2025,EQ,"199.99","208.04","199.02","200.92","206.25","206.38","204.40","394.70","198.65",50579885,"10,33,86,07,164.06",197656
03-Mar-2025,EQ,"210.00","210.25","198.65","207.61","201.30","200.92","202.06","394.70","198.65",51311993,"10,36,82,74,770.73",323704
28-Feb-2025,EQ,"219.26","219.90","207.00","221.70","208.29","207.61","210.89","394.70","207.00",50855490,"10,72,51,45,270.16",389011
27-Feb-2025,EQ,"226.36","228.00","221.05","226.32","221.77","221.70","222.99","394.70","217.01",16215296,"3,61,58,27,688.77",147578
25-Feb-2025,EQ,"229.59","231.67","225.25","228.45","225.65","226.32","228.40","394.70","217.01",11683220,"2,66,84,06,211.78",95934
24-Feb-2025,EQ,"231.00","233.50","228.01","233.67","228.55","228.45","229.94","394.70","217.01",14715002,"3,38,35,90,657.83",124624
21-Feb-2025,EQ,"236.00","238.55","232.64","235.27","233.20","233.67","234.99","394.70","217.01",15152682,"3,56,07,33,983.03",108592
20-Feb-2025,EQ,"228.00","235.90","225.90","228.92","235.40","235.27","232.98","394.70","217.01",15681050,"3,65,33,22,035.69",115043
19-Feb-2025,EQ,"221.02","229.70","219.26","221.02","228.59","228.92","226.33","394.70","217.01",14085762,"3,18,80,41,482.54",113708
18-Feb-2025,EQ,"223.56","223.98","217.01","222.45","220.40","221.02","219.80","394.70","217.01",19138944,"4,20,66,92,595.97",152134
17-Feb-2025,EQ,"222.25","224.00","217.14","222.29","223.84","222.45","221.59","394.70","217.14",21988192,"4,87,23,19,379.26",157286
14-Feb-2025,EQ,"230.00","230.84","219.15","228.06","222.25","222.29","223.26","394.70","219.15",22176523,"4,95,11,91,498.41",198484
13-Feb-2025,EQ,"228.18","233.05","227.00","227.62","227.90","228.06","230.11","394.70","223.23",15841475,"3,64,52,14,879.32",116886
12-Feb-2025,EQ,"233.00","233.98","223.23","235.94","228.15","227.62","227.87","394.70","223.23",45167995,"10,29,23,95,691.06",297582
11-Feb-2025,EQ,"242.00","243.18","234.75","242.96","236.50","235.94","237.58","394.70","231.05",15330326,"3,64,21,63,534.29",135495
10-Feb-2025,EQ,"249.28","250.00","242.06","249.45","243.20","242.96","244.58","394.70","231.05",11175493,"2,73,33,12,340.41",118450
07-Feb-2025,EQ,"248.40","252.75","246.13","250.48","249.50","249.45","249.60","394.70","231.05",11922059,"2,97,57,38,423.80",120716
06-Feb-2025,EQ,"252.60","253.79","248.65","249.82","251.10","250.48","251.20","394.70","231.05",16298230,"4,09,40,53,842.91",124231
05-Feb-2025,EQ,"246.65","254.34","246.60","245.10","249.40","249.82","251.97","394.70","231.05",28695524,"7,23,03,61,979.36",211190